{
 "class_weights": {
  "Withdrawn": 1.0434413471062687,
  "Fail": 1.046848381601363,
  "Pass": 0.5965536768869832,
  "Distinction": 2.4384920634920637
 },
 "class_counts": {
  "Withdrawn": 7067,
  "Fail": 7044,
  "Pass": 12361,
  "Distinction": 3024
 },
 "taus_per_fold": [
  0.4399999999999999,
  0.45999999999999985,
  0.47999999999999987,
  0.4399999999999999,
  0.4399999999999999
 ],
 "gain_normalised": {
  "active_days": 0.020529342513951037,
  "clicks_per_day": 0.008399919365968688,
  "clicks_per_assessment": 0.008650067274172215,
  "study_spread": 0.042273748869104004,
  "burstiness": 0.007269881989579297,
  "resource_ratio": 0.007472337707264357,
  "oucontent_ratio": 0.010445762329930346,
  "homepage_ratio": 0.0075022426962645305,
  "forumng_ratio": 0.008589074431884051,
  "quiz_ratio": 0.013058561443267072,
  "assessment_focus": 0.011211448014204132,
  "has_vle_activity": 0.0,
  "registration_lead": 0.006497349155932118,
  "highest_education_HE Qualification": 0.008926682492074407,
  "highest_education_Lower Than A Level": 0.026102223284339608,
  "highest_education_No Formal quals": 0.00674180264646388,
  "highest_education_Post Graduate Qualification": 0.01348333089405774,
  "w2_clicks": 0.013734078889509721,
  "w3_clicks": 0.0088711667281661,
  "w4_clicks": 0.011143177831790745,
  "precourse_clicks": 0.007809069357979674,
  "decay_clicks": 0.08091933946034681,
  "mean_submit_lead": 0.010180518637162597,
  "min_submit_lead": 0.018016816954040896,
  "late_submissions": 0.01226043642715856,
  "submitted_count": 0.18466412065589635,
  "first_submit_day": 0.010046703027470365,
  "n_assess_types_submitted": 0.03589541124737901,
  "rank_clicks": 0.059222472068305915,
  "completion_ratio_avail": 0.052997674718971814,
  "engagement_decay_ratio": 0.026054447107251112,
  "max_gap": 0.02461525580770225,
  "active_weeks": 0.05514806942248072,
  "unique_sites": 0.010151079741570144,
  "revisit_ratio": 0.00896351477030487,
  "top3_site_share": 0.012216948052973551,
  "content_admin_ratio": 0.0074859159634983515,
  "enrichment_share": 0.008749518913226452,
  "n_activity_types": 0.008881193827061215,
  "mod_BBB": 0.012446260880621228,
  "mod_CCC": 0.018719998678884842,
  "mod_DDD": 0.019515924657320063,
  "mod_EEE": 0.015050235634035168,
  "mod_FFF": 0.025548699216099553,
  "mod_GGG": 0.03353817621433442
 },
 "gain_raw": {
  "active_days": 7.634429454803467,
  "clicks_per_day": 3.1237528324127197,
  "clicks_per_assessment": 3.2167775630950928,
  "study_spread": 15.720715522766113,
  "burstiness": 2.7035157680511475,
  "resource_ratio": 2.7788047790527344,
  "oucontent_ratio": 3.88455867767334,
  "homepage_ratio": 2.7899258136749268,
  "forumng_ratio": 3.1940956115722656,
  "quiz_ratio": 4.856203556060791,
  "assessment_focus": 4.1693010330200195,
  "has_vle_activity": 0.0,
  "registration_lead": 2.416227102279663,
  "highest_education_HE Qualification": 3.3196449279785156,
  "highest_education_Lower Than A Level": 9.706866264343262,
  "highest_education_No Formal quals": 2.507134199142456,
  "highest_education_Post Graduate Qualification": 5.014166355133057,
  "w2_clicks": 5.107414245605469,
  "w3_clicks": 3.298999786376953,
  "w4_clicks": 4.1439127922058105,
  "precourse_clicks": 2.9040281772613525,
  "decay_clicks": 30.092195510864258,
  "mean_submit_lead": 3.7859201431274414,
  "min_submit_lead": 6.700074195861816,
  "late_submissions": 4.5593976974487305,
  "submitted_count": 68.67269134521484,
  "first_submit_day": 3.736156940460205,
  "n_assess_types_submitted": 13.348746299743652,
  "rank_clicks": 22.023588180541992,
  "completion_ratio_avail": 19.708717346191406,
  "engagement_decay_ratio": 9.689099311828613,
  "max_gap": 9.153894424438477,
  "active_weeks": 20.508403778076172,
  "unique_sites": 3.774972438812256,
  "revisit_ratio": 3.3333420753479004,
  "top3_site_share": 4.543225288391113,
  "content_admin_ratio": 2.7838542461395264,
  "enrichment_share": 3.2537615299224854,
  "n_activity_types": 3.3027286529541016,
  "mod_BBB": 4.628501892089844,
  "mod_CCC": 6.961572647094727,
  "mod_DDD": 7.257560729980469,
  "mod_EEE": 5.596865177154541,
  "mod_FFF": 9.501022338867188,
  "mod_GGG": 12.472140312194824
 },
 "cover": {
  "active_days": 396.7026672363281,
  "clicks_per_day": 596.96875,
  "clicks_per_assessment": 485.7940979003906,
  "study_spread": 520.7011108398438,
  "burstiness": 377.6737060546875,
  "resource_ratio": 376.4314880371094,
  "oucontent_ratio": 522.6788940429688,
  "homepage_ratio": 459.5541687011719,
  "forumng_ratio": 496.70172119140625,
  "quiz_ratio": 588.235595703125,
  "assessment_focus": 537.748046875,
  "has_vle_activity": 0.0,
  "registration_lead": 491.8557434082031,
  "highest_education_HE Qualification": 909.0910034179688,
  "highest_education_Lower Than A Level": 1397.9683837890625,
  "highest_education_No Formal quals": 1480.0701904296875,
  "highest_education_Post Graduate Qualification": 2981.765625,
  "w2_clicks": 726.3934326171875,
  "w3_clicks": 429.8202819824219,
  "w4_clicks": 466.1092834472656,
  "precourse_clicks": 424.01446533203125,
  "decay_clicks": 640.3859252929688,
  "mean_submit_lead": 531.3549194335938,
  "min_submit_lead": 870.1455078125,
  "late_submissions": 572.6389770507812,
  "submitted_count": 1463.6910400390625,
  "first_submit_day": 590.3490600585938,
  "n_assess_types_submitted": 468.6421203613281,
  "rank_clicks": 668.2049560546875,
  "completion_ratio_avail": 1319.8310546875,
  "engagement_decay_ratio": 900.7042846679688,
  "max_gap": 533.2546997070312,
  "active_weeks": 826.7268676757812,
  "unique_sites": 613.957275390625,
  "revisit_ratio": 609.5894775390625,
  "top3_site_share": 488.6401062011719,
  "content_admin_ratio": 501.39776611328125,
  "enrichment_share": 516.9544067382812,
  "n_activity_types": 723.8648071289062,
  "mod_BBB": 433.6057434082031,
  "mod_CCC": 1407.703857421875,
  "mod_DDD": 947.9387817382812,
  "mod_EEE": 534.735107421875,
  "mod_FFF": 859.491455078125,
  "mod_GGG": 694.2225341796875
 },
 "weight": {
  "active_days": 1685.0,
  "clicks_per_day": 1561.0,
  "clicks_per_assessment": 1162.0,
  "study_spread": 2178.0,
  "burstiness": 1509.0,
  "resource_ratio": 1406.0,
  "oucontent_ratio": 1643.0,
  "homepage_ratio": 1479.0,
  "forumng_ratio": 1402.0,
  "quiz_ratio": 1590.0,
  "assessment_focus": 1718.0,
  "has_vle_activity": 0.0,
  "registration_lead": 2029.0,
  "highest_education_HE Qualification": 187.0,
  "highest_education_Lower Than A Level": 409.0,
  "highest_education_No Formal quals": 44.0,
  "highest_education_Post Graduate Qualification": 96.0,
  "w2_clicks": 834.0,
  "w3_clicks": 982.0,
  "w4_clicks": 951.0,
  "precourse_clicks": 1387.0,
  "decay_clicks": 2984.0,
  "mean_submit_lead": 1848.0,
  "min_submit_lead": 1225.0,
  "late_submissions": 651.0,
  "submitted_count": 1485.0,
  "first_submit_day": 1136.0,
  "n_assess_types_submitted": 105.0,
  "rank_clicks": 1692.0,
  "completion_ratio_avail": 1640.0,
  "engagement_decay_ratio": 2249.0,
  "max_gap": 2013.0,
  "active_weeks": 2175.0,
  "unique_sites": 1500.0,
  "revisit_ratio": 1481.0,
  "top3_site_share": 1398.0,
  "content_admin_ratio": 1337.0,
  "enrichment_share": 1403.0,
  "n_activity_types": 365.0,
  "mod_BBB": 101.0,
  "mod_CCC": 207.0,
  "mod_DDD": 206.0,
  "mod_EEE": 130.0,
  "mod_FFF": 194.0,
  "mod_GGG": 184.0
 },
 "pvd_permutation_auc_drop": {
  "active_days": 0.000677706812809542,
  "clicks_per_day": 0.001867362848544089,
  "clicks_per_assessment": 0.0034563047453288385,
  "study_spread": 0.0014028962685548318,
  "burstiness": 0.002488522150221143,
  "resource_ratio": 0.00818935301014049,
  "oucontent_ratio": 0.015133797454584874,
  "homepage_ratio": 0.0006569871140738778,
  "forumng_ratio": 0.00664066344475341,
  "quiz_ratio": 0.017995274182046606,
  "assessment_focus": 0.005471511277559256,
  "has_vle_activity": 0.0,
  "registration_lead": -0.0009041126875349489,
  "highest_education_HE Qualification": 0.0031554374532726617,
  "highest_education_Lower Than A Level": 0.024089671402844386,