{
 "pvd_runs": [
  {
   "set": "33+H2",
   "model": "xgb",
   "n_features": 39,
   "auc": 0.7487599999017052,
   "auc_std": 0.009750024866807021,
   "pr_auc": 0.4368730441689646
  },
  {
   "set": "33+H2+module",
   "model": "xgb",
   "n_features": 45,
   "auc": 0.7491168569163358,
   "auc_std": 0.011464075583079658,
   "pr_auc": 0.43727993581755814
  },
  {
   "set": "33+H2",
   "model": "histgb",
   "n_features": 39,
   "auc": 0.7417755169820578,
   "auc_std": 0.011023650411816792,
   "pr_auc": 0.4188277207274821
  },
  {
   "set": "33+H2+module",
   "model": "histgb",
   "n_features": 45,
   "auc": 0.7439982923137193,
   "auc_std": 0.011015406475720241,
   "pr_auc": 0.42651424193136006
  }
 ],
 "final_stack": {
  "arm": "FINAL_weighted+H2+module+tuned_tau",
  "taus": [
   0.4399999999999999,
   0.45999999999999985,
   0.47999999999999987,
   0.4399999999999999,
   0.4399999999999999
  ],
  "accuracy": 0.7554048654334213,
  "macro_f1": 0.7306420618077645,
  "macro_f1_std": 0.006597831769096614,
  "D_f1_per_fold": [
   0.4509220701963117,
   0.4909197422378442,
   0.45256410256410257,
   0.4562043795620438,
   0.43931320307874483
  ],
  "D_f1_mean": 0.45798469952780946,
  "D_f1_std": 0.017411346654735406,
  "D_precision": 0.3608521970705726,
  "D_recall": 0.6273148148148148,
  "D_f1": 0.45815722738799664,
  "P_f1": 0.7262679080049314,
  "F_f1": 0.7953242835595776,
  "W_f1": 0.9432797242963814
 }
}