{
 "V0_published_006b": {
  "tag": "V0 006b published",
  "n": 32593,
  "acc": 0.8451553082985628,
  "f1": 0.789448805062511,
  "acc_rep": [
   0.8497462525157827,
   0.0039040101255382277
  ],
  "f1_rep": [
   0.7989459478403601,
   0.004007006655020162
  ],
  "per_class_f1": {
   "Withdrawn": 0.957544757033248,
   "Fail": 0.8040847201210287,
   "Pass": 0.8397603893672781,
   "Distinction": 0.5564053537284895
  },
  "withdrawn_binary_auc": 0.9958394591325188,
  "top5": [
   [
    "has_vle_activity",
    0.228744238615036
   ],
   [
    "completion_ratio_cw",
    0.21614323556423187
   ],
   [
    "submitted_count",
    0.10010886192321777
   ],
   [
    "decay_clicks",
    0.06229715421795845
   ],
   [
    "rank_wa",
    0.03574962913990021
   ]
  ]
 },
 "V1_fair_denominator": {
  "tag": "V1 fair denominator",
  "n": 32593,
  "acc": 0.8477824138463916,
  "f1": 0.7928284047769172,
  "acc_rep": [
   0.8524512489716478,
   0.00411186063783589
  ],
  "f1_rep": [
   0.8012562417984649,
   0.0037189644305493756
  ],
  "per_class_f1": {
   "Withdrawn": 0.9603276170975172,
   "Fail": 0.8089123867069486,
   "Pass": 0.8412371134020619,
   "Distinction": 0.5608365019011406
  },
  "withdrawn_binary_auc": 0.996449282913381,
  "top5": [
   [
    "has_vle_activity",
    0.4005919098854065
   ],
   [
    "submitted_count",
    0.16067418456077576
   ],
   [
    "decay_clicks",
    0.051897481083869934
   ],
   [
    "active_weeks",
    0.03442687913775444
   ],
   [
    "weighted_average",
    0.029051240533590317
   ]
  ]
 },
 "V2_minus_neverstarter_flags": {
  "tag": "V2 V1 - never-starter flags",
  "n": 32593,
  "acc": 0.8476278782259311,
  "f1": 0.7921406226547797,
  "acc_rep": [
   0.8523567930439585,
   0.00416765684525689
  ],
  "f1_rep": [
   0.8012404839308435,
   0.004223031217254178
  ],
  "per_class_f1": {
   "Withdrawn": 0.9623752239570003,
   "Fail": 0.8092354277062831,
   "Pass": 0.8399176184235162,
   "Distinction": 0.5570342205323194
  },
  "withdrawn_binary_auc": 0.9963656360221912,
  "top5": [
   [
    "submitted_count",
    0.278535932302475
   ],
   [
    "decay_clicks",
    0.10300404578447342
   ],
   [
    "completion_ratio_avail",
    0.06121714413166046
   ],
   [
    "active_days",
    0.05318080261349678
   ],
   [
    "weighted_average",
    0.052116043865680695
   ]
  ]
 },
 "V3_engaged_population": {
  "tag": "V3 V1, engaged pop only",
  "n": 29496,
  "acc": 0.8295281582952816,
  "f1": 0.7900853183265582,
  "acc_rep": [
   0.8392215395088399,
   0.004831046886163201
  ],
  "f1_rep": [
   0.7999515444149349,
   0.004344796731311434
  ],
  "per_class_f1": {
   "Withdrawn": 0.9362880886426593,
   "Fail": 0.8029197080291971,
   "Pass": 0.8358552001532273,
   "Distinction": 0.585278276481149
  },
  "withdrawn_binary_auc": 0.995539290700581,
  "top5": [
   [
    "submitted_count",
    0.22970499098300934
   ],
   [
    "decay_clicks",
    0.108910471200943
   ],
   [
    "days_since_last",
    0.05835878103971481
   ],
   [
    "rank_wa",
    0.05609298497438431
   ],
   [
    "active_weeks",
    0.0538974367082119
   ]
  ]
 }
}