{
  "14": {
    "cutoff": 14,
    "models": {
      "logreg": {
        "accuracy": 0.3403361344537815,
        "macro_f1": 0.3135029742282813
      },
      "decision_tree": {
        "accuracy": 0.5210084033613446,
        "macro_f1": 0.3350277990433025
      },
      "random_forest": {
        "accuracy": 0.4831932773109244,
        "macro_f1": 0.3003442059842162
      },
      "xgboost": {
        "accuracy": 0.48739495798319327,
        "macro_f1": 0.36456099794514424
      },
      "random_forest_rerun": {
        "accuracy": 0.4831932773109244,
        "macro_f1": 0.3003442059842162
      },
      "xgboost_rerun": {
        "accuracy": 0.48739495798319327,
        "macro_f1": 0.36456099794514424
      }
    },
    "binary": [
      {
        "Binary Task": "Pass vs Fail",
        "Accuracy": 0.6228571428571429
      },
      {
        "Binary Task": "Distinction vs Fail",
        "Accuracy": 0.7216494845360825
      },
      {
        "Binary Task": "Distinction vs Pass",
        "Accuracy": 0.7793103448275862
      },
      {
        "Binary Task": "Withdrawn vs Pass",
        "Accuracy": 0.7746478873239436
      }
    ],
    "mlData_shape": [
      1188,
      78
    ],
    "features": [
      "weighted_average",
      "active_days",
      "clicks_per_day",
      "clicks_per_assessment",
      "study_spread",
      "burstiness",
      "resource_ratio",
      "oucontent_ratio",
      "homepage_ratio",
      "forumng_ratio",
      "quiz_ratio",
      "assessment_focus",
      "recovery_slope",
      "highest_education_HE Qualification",
      "highest_education_Lower Than A Level",
      "highest_education_No Formal quals",
      "highest_education_Post Graduate Qualification"
    ],
    "split": {
      "X_shape": [
        1188,
        17
      ],
      "X_train_shape": [
        950,
        17
      ],
      "X_test_shape": [
        238,
        17
      ],
      "test_size": 0.2,
      "random_state": 42,
      "stratify": false,
      "target": "target_multi"
    },
    "target_dist": {
      "0": 148,
      "1": 316,
      "2": 558,
      "3": 166
    },
    "feature_summary": {
      "weighted_average": {
        "count": 1188.0,
        "mean": 0.654653872959787,
        "std": 0.22928810358571253,
        "min": 0.0,
        "25%": 0.61,
        "50%": 0.71,
        "75%": 0.7999999999999999,
        "max": 0.9800000000000001
      },
      "clicks_per_assessment": {
        "count": 1188.0,
        "mean": 64.44000144543074,
        "std": 97.67060971728958,
        "min": 0.0,
        "25%": 14.5,
        "50%": 36.0,
        "75%": 77.5,
        "max": 1453.0
      },
      "recovery_slope": {
        "count": 1188.0,
        "mean": 0.13761256747367856,
        "std": 1.488515515792975,
        "min": -14.0,
        "25%": 0.0,
        "50%": 0.0,
        "75%": 0.0,
        "max": 24.0
      }
    }
  },
  "30": {
    "cutoff": 30,
    "models": {
      "logreg": {
        "accuracy": 0.39041450777202075,
        "macro_f1": 0.38570350002883763
      },
      "decision_tree": {
        "accuracy": 0.5044041450777202,
        "macro_f1": 0.31666304342029744
      },
      "random_forest": {
        "accuracy": 0.5121761658031088,
        "macro_f1": 0.37308792687996567
      },
      "xgboost": {
        "accuracy": 0.5189119170984456,
        "macro_f1": 0.39478375912561264
      },
      "random_forest_rerun": {
        "accuracy": 0.5121761658031088,
        "macro_f1": 0.37308792687996567
      },
      "xgboost_rerun": {
        "accuracy": 0.5189119170984456,
        "macro_f1": 0.39478375912561264
      }
    },
    "binary": [
      {
        "Binary Task": "Pass vs Fail",
        "Accuracy": 0.7194892977844536
      },
      {
        "Binary Task": "Distinction vs Fail",
        "Accuracy": 0.821401077752117
      },
      {
        "Binary Task": "Distinction vs Pass",
        "Accuracy": 0.8099135970895862
      },
      {
        "Binary Task": "Withdrawn vs Pass",
        "Accuracy": 0.7505854800936768
      }
    ],
    "mlData_shape": [
      19300,
      78
    ],
    "features": [
      "weighted_average",
      "active_days",
      "clicks_per_day",
      "clicks_per_assessment",
      "study_spread",
      "burstiness",
      "resource_ratio",
      "oucontent_ratio",
      "homepage_ratio",
      "forumng_ratio",
      "quiz_ratio",
      "assessment_focus",
      "recovery_slope",
      "highest_education_HE Qualification",
      "highest_education_Lower Than A Level",
      "highest_education_No Formal quals",
      "highest_education_Post Graduate Qualification"
    ],
    "split": {
      "X_shape": [
        19300,
        17
      ],
      "X_train_shape": [
        15440,
        17
      ],
      "X_test_shape": [
        3860,
        17
      ],
      "test_size": 0.2,
      "random_state": 42,
      "stratify": false,
      "target": "target_multi"
    },
    "target_dist": {
      "0": 3900,
      "1": 4406,
      "2": 8906,
      "3": 2088
    },
    "feature_summary": {
      "weighted_average": {
        "count": 19300.0,
        "mean": 0.7213191635303097,
        "std": 0.19938840129600421,
        "min": 0.0,
        "25%": 0.6430827067669174,
        "50%": 0.76,
        "75%": 0.86,
        "max": 1.0
      },
      "clicks_per_assessment": {
        "count": 19300.0,
        "mean": 199.2062863459224,
        "std": 203.76202824804332,
        "min": 0.0,
        "25%": 69.5,
        "50%": 140.5,
        "75%": 263.5,
        "max": 2645.0
      },
      "recovery_slope": {
        "count": 19300.0,
        "mean": 0.630809839699736,
        "std": 5.979859381209786,
        "min": -71.0,
        "25%": 0.0,
        "50%": 0.0,
        "75%": 0.0,
        "max": 68.0
      }
    }
  },
  "60": {
    "cutoff": 60,
    "models": {
      "logreg": {
        "accuracy": 0.42814435191116806,
        "macro_f1": 0.42056733618358666
      },
      "decision_tree": {
        "accuracy": 0.5253042921204356,
        "macro_f1": 0.36454236968176046
      },
      "random_forest": {
        "accuracy": 0.5447362801622891,
        "macro_f1": 0.41605372437872545
      },
      "xgboost": {
        "accuracy": 0.5498612000854153,
        "macro_f1": 0.4424822492016478
      },
      "random_forest_rerun": {
        "accuracy": 0.5447362801622891,
        "macro_f1": 0.41605372437872545
      },
      "xgboost_rerun": {
        "accuracy": 0.5498612000854153,
        "macro_f1": 0.4424822492016478
      }
    },
    "binary": [
      {
        "Binary Task": "Pass vs Fail",
        "Accuracy": 0.7488556606652426
      },
      {
        "Binary Task": "Distinction vs Fail",
        "Accuracy": 0.8576010262989096
      },
      {
        "Binary Task": "Distinction vs Pass",
        "Accuracy": 0.8256317689530686
      },
      {
        "Binary Task": "Withdrawn vs Pass",
        "Accuracy": 0.7890524967989757
      }
    ],
    "mlData_shape": [
      23411,
      78
    ],
    "features": [
      "weighted_average",
      "active_days",
      "clicks_per_day",
      "clicks_per_assessment",
      "study_spread",
      "burstiness",
      "resource_ratio",
      "oucontent_ratio",
      "homepage_ratio",
      "forumng_ratio",
      "quiz_ratio",
      "assessment_focus",
      "recovery_slope",
      "highest_education_HE Qualification",
      "highest_education_Lower Than A Level",
      "highest_education_No Formal quals",
      "highest_education_Post Graduate Qualification"
    ],
    "split": {
      "X_shape": [
        23411,
        17
      ],
      "X_train_shape": [
        18728,
        17
      ],
      "X_test_shape": [
        4683,
        17
      ],
      "test_size": 0.2,
      "random_state": 42,
      "stratify": false,
      "target": "target_multi"
    },
    "target_dist": {
      "0": 4400,
      "1": 5163,
      "2": 11220,
      "3": 2628
    },
    "feature_summary": {
      "weighted_average": {
        "count": 23411.0,
        "mean": 0.7380416461140277,