{
 "engaged_29496": {
  "A_full_36": {
   "n": 29496,
   "n_features": 36,
   "accuracy": 0.8362063094068029,
   "accuracy_std": 0.003791112566376648,
   "macro_f1": 0.7949246406674564,
   "macro_f1_std": 0.004802343231596663,
   "weighted_f1": 0.8330235708438545,
   "per_class_f1": {
    "Withdrawn": 0.9430543572044866,
    "Fail": 0.8129120254603319,
    "Pass": 0.8432872376502506,
    "Distinction": 0.5807778608825729
   },
   "per_class_precision": {
    "Withdrawn": 0.9586317789796813,
    "Fail": 0.8717698683568991,
    "Pass": 0.789250952179433,
    "Distinction": 0.6682444061962134
   },
   "per_class_recall": {
    "Withdrawn": 0.9279750955143625,
    "Fail": 0.7614991482112436,
    "Pass": 0.9052665641938354,
    "Distinction": 0.513558201058201
   }
  },
  "B_no_scores_33": {
   "n": 29496,
   "n_features": 33,
   "accuracy": 0.8052639132570327,
   "accuracy_std": 0.0027933766129886236,
   "macro_f1": 0.6951096579023927,
   "macro_f1_std": 0.004050091851089283,
   "weighted_f1": 0.7821340953218323,
   "per_class_f1": {
    "Withdrawn": 0.9408216029876473,
    "Fail": 0.7911397376482602,
    "Pass": 0.8221778571678751,
    "Distinction": 0.2266244057052298
   },
   "per_class_precision": {
    "Withdrawn": 0.95522823392154,
    "Fail": 0.885528398100932,
    "Pass": 0.7249536751080914,
    "Distinction": 0.562992125984252
   },
   "per_class_recall": {
    "Withdrawn": 0.9268430734399321,
    "Fail": 0.7149346961953436,
    "Pass": 0.9495186473586279,
    "Distinction": 0.14186507936507936
   }
  },
  "C_clickstream_demo_24": {
   "n": 29496,
   "n_features": 24,
   "accuracy": 0.7955887042684141,
   "accuracy_std": 0.004073721401087412,
   "macro_f1": 0.6748212080216731,
   "macro_f1_std": 0.004241680942727474,
   "weighted_f1": 0.7687417524021453,
   "per_class_f1": {
    "Withdrawn": 0.938426125737304,
    "Fail": 0.7745500473634355,
    "Pass": 0.8143621084797555,
    "Distinction": 0.17218543046357615
   },
   "per_class_precision": {
    "Withdrawn": 0.9543525969275787,
    "Fail": 0.8723328591749644,
    "Pass": 0.713390521384681,
    "Distinction": 0.52
   },
   "per_class_recall": {
    "Withdrawn": 0.9230224989387293,
    "Fail": 0.6964792731402613,
    "Pass": 0.9486287517191165,
    "Distinction": 0.10317460317460317
   }
  }
 },
 "full_32593": {
  "A_full_36": {
   "n": 32593,
   "n_features": 36,
   "accuracy": 0.8505859907933442,
   "accuracy_std": 0.004755606403589289,
   "macro_f1": 0.7976392915084417,
   "macro_f1_std": 0.008277438897731451,
   "weighted_f1": 0.8473043869368436,
   "per_class_f1": {
    "Withdrawn": 0.9589095219280916,
    "Fail": 0.8078931203931204,
    "Pass": 0.8433099917174911,
    "Distinction": 0.5807174887892377
   },
   "per_class_precision": {
    "Withdrawn": 0.9619500594530321,
    "Fail": 0.8809444072337576,
    "Pass": 0.7886768537426941,
    "Distinction": 0.6675257731958762
   },
   "per_class_recall": {
    "Withdrawn": 0.9558881449389524,
    "Fail": 0.7460294951786727,
    "Pass": 0.9060755602297549,
    "Distinction": 0.5138888888888888
   }
  },
  "B_no_scores_33": {
   "n": 32593,
   "n_features": 33,
   "accuracy": 0.8225426513352139,
   "accuracy_std": 0.0041531020507860695,
   "macro_f1": 0.6994605900558508,
   "macro_f1_std": 0.0066770612466813236,
   "weighted_f1": 0.8016160071754403,
   "per_class_f1": {
    "Withdrawn": 0.9580678619054674,
    "Fail": 0.785334497262122,
    "Pass": 0.821578799775659,
    "Distinction": 0.2325459317585302
   },
   "per_class_precision": {
    "Withdrawn": 0.9611535031215935,
    "Fail": 0.8916921967922148,
    "Pass": 0.7248716521308839,
    "Distinction": 0.5636132315521628
   },
   "per_class_recall": {
    "Withdrawn": 0.9550019692792437,
    "Fail": 0.7016449234259784,
    "Pass": 0.948062454493973,
    "Distinction": 0.14649470899470898
   }
  },
  "C_clickstream_demo_24": {
   "n": 32593,
   "n_features": 24,
   "accuracy": 0.8123861932250602,
   "accuracy_std": 0.005462146304345063,
   "macro_f1": 0.6755790835602044,
   "macro_f1_std": 0.0075696209917781015,
   "weighted_f1": 0.7874664826850634,
   "per_class_f1": {
    "Withdrawn": 0.9556796284401403,
    "Fail": 0.7677042490197648,
    "Pass": 0.8124631345199681,
    "Distinction": 0.16643703499586662
   },
   "per_class_precision": {
    "Withdrawn": 0.9591391450957056,
    "Fail": 0.8809917355371901,
    "Pass": 0.7113001215066829,
    "Distinction": 0.4991735537190083
   },
   "per_class_recall": {
    "Withdrawn": 0.9522449783379283,
    "Fail": 0.6802325581395349,
    "Pass": 0.9471725588544616,
    "Distinction": 0.09986772486772487
   }
  }
 }
}